   x,   y,   z,        vz,       vy,       vz,    mass, radius, is_sun,collision_behavior
   0,   3,  -3,         9,        2,        0,5.96E+30,     20,      t,none
-163,-287,-285,-497827312,392344240,403464000,2.93E+12,      3,      f,none
-300,-137,-364,-497827312,392344240,403464000,2.93E+12,      3,      f,none
-244,-281,-397,-497827312,392344240,403464000,2.93E+12,      3,      f,none
-228,-223,-151,-497827312,392344240,403464000,2.93E+12,      3,      f,none
-296,-141,-376,-497827312,392344240,403464000,2.93E+12,      3,      f,none
-164,-127,-383,-497827312,392344240,403464000,2.93E+12,      3,      f,none
-173,-190,-173,-497827312,392344240,403464000,2.93E+12,      3,      f,none
-239,-168,-225,-497827312,392344240,403464000,2.93E+12,      3,      f,none
-290,-220,-363,-497827312,392344240,403464000,2.93E+12,      3,      f,none
-238,-213,-184,-497827312,392344240,403464000,2.93E+12,      3,      f,none
-245,-169,-398,-497827312,392344240,403464000,2.93E+12,      3,      f,none
-241,-195,-342,-497827312,392344240,403464000,2.93E+12,      3,      f,none
-163,-283,-386,-497827312,392344240,403464000,2.93E+12,      3,      f,none
-241,-246,-342,-497827312,392344240,403464000,2.93E+12,      3,      f,none
-215,-210,-437,-497827312,392344240,403464000,2.93E+12,      3,      f,none
-244,-199,-158,-497827312,392344240,403464000,2.93E+12,      3,      f,none
-236,-214,-231,-497827312,392344240,403464000,2.93E+12,      3,      f,none
-223,-227,-416,-497827312,392344240,403464000,2.93E+12,      3,      f,none
-251,-214,-479,-497827312,392344240,403464000,2.93E+12,      3,      f,none
-269,-286,-434,-497827312,392344240,403464000,2.93E+12,      3,      f,none
-158,-131,-301,-497827312,392344240,403464000,2.93E+12,      3,      f,none
-178,-193,-241,-497827312,392344240,403464000,2.93E+12,      3,      f,none
-253,-236,-263,-497827312,392344240,403464000,2.93E+12,      3,      f,none
-226,-288,-188,-497827312,392344240,403464000,2.93E+12,      3,      f,none
-297,-231,-273,-497827312,392344240,403464000,2.93E+12,      3,      f,none
-159,-149,-486,-497827312,392344240,403464000,2.93E+12,      3,      f,none
-261,-215,-426,-497827312,392344240,403464000,2.93E+12,      3,      f,none
-232,-142,-498,-497827312,392344240,403464000,2.93E+12,      3,      f,none
-264,-188,-254,-497827312,392344240,403464000,2.93E+12,      3,      f,none
-132,-251,-229,-497827312,392344240,403464000,2.93E+12,      3,      f,none
-142,-211,-497,-497827312,392344240,403464000,2.93E+12,      3,      f,none
-157,-276,-464,-497827312,392344240,403464000,2.93E+12,      3,      f,none
-201,-128,-495,-497827312,392344240,403464000,2.93E+12,      3,      f,none
-151,-267,-365,-497827312,392344240,403464000,2.93E+12,      3,      f,none
-194,-245,-401,-497827312,392344240,403464000,2.93E+12,      3,      f,none
-217,-186,-476,-497827312,392344240,403464000,2.93E+12,      3,      f,none
-162,-126,-160,-497827312,392344240,403464000,2.93E+12,      3,      f,none
-292,-188,-467,-497827312,392344240,403464000,2.93E+12,      3,      f,none
-151,-141,-467,-497827312,392344240,403464000,2.93E+12,      3,      f,none
-202,-223,-220,-497827312,392344240,403464000,2.93E+12,      3,      f,none
-296,-221,-199,-497827312,392344240,403464000,2.93E+12,      3,      f,none
-260,-164,-371,-497827312,392344240,403464000,2.93E+12,      3,      f,none
-172,-235,-244,-497827312,392344240,403464000,2.93E+12,      3,      f,none
-274,-143,-185,-497827312,392344240,403464000,2.93E+12,      3,      f,none
-129,-256,-123,-497827312,392344240,403464000,2.93E+12,      3,      f,none
-190,-168,-443,-497827312,392344240,403464000,2.93E+12,      3,      f,none
-140,-149,-294,-497827312,392344240,403464000,2.93E+12,      3,      f,none
-181,-212,-475,-497827312,392344240,403464000,2.93E+12,      3,      f,none
-219,-198,-149,-497827312,392344240,403464000,2.93E+12,      3,      f,none
-129,-130,-182,-497827312,392344240,403464000,2.93E+12,      3,      f,none
-198,-279,-434,-497827312,392344240,403464000,2.93E+12,      3,      f,none
-213,-192,-378,-497827312,392344240,403464000,2.93E+12,      3,      f,none
-248,-263,-190,-497827312,392344240,403464000,2.93E+12,      3,      f,none
-177,-173,-464,-497827312,392344240,403464000,2.93E+12,      3,      f,none
-225,-176,-297,-497827312,392344240,403464000,2.93E+12,      3,      f,none
-278,-223,-494,-497827312,392344240,403464000,2.93E+12,      3,      f,none
-210,-241,-180,-497827312,392344240,403464000,2.93E+12,      3,      f,none
-177,-255,-250,-497827312,392344240,403464000,2.93E+12,      3,      f,none
-281,-222,-394,-497827312,392344240,403464000,2.93E+12,      3,      f,none
-294,-193,-415,-497827312,392344240,403464000,2.93E+12,      3,      f,none
-226,-235,-359,-497827312,392344240,403464000,2.93E+12,      3,      f,none
-206,-281,-324,-497827312,392344240,403464000,2.93E+12,      3,      f,none
-175,-289,-400,-497827312,392344240,403464000,2.93E+12,      3,      f,none
-232,-173,-227,-497827312,392344240,403464000,2.93E+12,      3,      f,none
-245,-283,-345,-497827312,392344240,403464000,2.93E+12,      3,      f,none
-294,-187,-476,-497827312,392344240,403464000,2.93E+12,      3,      f,none
-154,-206,-284,-497827312,392344240,403464000,2.93E+12,      3,      f,none
-224,-182,-211,-497827312,392344240,403464000,2.93E+12,      3,      f,none
-167,-221,-186,-497827312,392344240,403464000,2.93E+12,      3,      f,none
-241,-242,-392,-497827312,392344240,403464000,2.93E+12,      3,      f,none
-166,-291,-164,-497827312,392344240,403464000,2.93E+12,      3,      f,none
-166,-254,-420,-497827312,392344240,403464000,2.93E+12,      3,      f,none
-292,-249,-399,-497827312,392344240,403464000,2.93E+12,      3,      f,none
-161,-286,-146,-497827312,392344240,403464000,2.93E+12,      3,      f,none
-227,-170,-196,-497827312,392344240,403464000,2.93E+12,      3,      f,none
-151,-171,-444,-497827312,392344240,403464000,2.93E+12,      3,      f,none
-183,-206,-393,-497827312,392344240,403464000,2.93E+12,      3,      f,none
-146,-257,-161,-497827312,392344240,403464000,2.93E+12,      3,      f,none
-281,-172,-403,-497827312,392344240,403464000,2.93E+12,      3,      f,none
-217,-181,-284,-497827312,392344240,403464000,2.93E+12,      3,      f,none
-273,-230,-394,-497827312,392344240,403464000,2.93E+12,      3,      f,none
-197,-126,-127,-497827312,392344240,403464000,2.93E+12,      3,      f,none
-179,-135,-142,-497827312,392344240,403464000,2.93E+12,      3,      f,none
-261,-295,-136,-497827312,392344240,403464000,2.93E+12,      3,      f,none
-285,-253,-294,-497827312,392344240,403464000,2.93E+12,      3,      f,none
-223,-152,-229,-497827312,392344240,403464000,2.93E+12,      3,      f,none
-124,-208,-128,-497827312,392344240,403464000,2.93E+12,      3,      f,none
-200,-260,-488,-497827312,392344240,403464000,2.93E+12,      3,      f,none
-284,-234,-461,-497827312,392344240,403464000,2.93E+12,      3,      f,none
-300,-141,-269,-497827312,392344240,403464000,2.93E+12,      3,      f,none
-292,-219,-488,-497827312,392344240,403464000,2.93E+12,      3,      f,none
-244,-203,-412,-497827312,392344240,403464000,2.93E+12,      3,      f,none
-259,-197,-170,-497827312,392344240,403464000,2.93E+12,      3,      f,none
-176,-254,-461,-497827312,392344240,403464000,2.93E+12,      3,      f,none
-141,-264,-427,-497827312,392344240,403464000,2.93E+12,      3,      f,none
-249,-126,-202,-497827312,392344240,403464000,2.93E+12,      3,      f,none
-281,-266,-316,-497827312,392344240,403464000,2.93E+12,      3,      f,none
-243,-183,-410,-497827312,392344240,403464000,2.93E+12,      3,      f,none
-168,-176,-448,-497827312,392344240,403464000,2.93E+12,      3,      f,none
-233,-138,-154,-497827312,392344240,403464000,2.93E+12,      3,      f,none
-283,-300,-459,-497827312,392344240,403464000,2.93E+12,      3,      f,none
-220,-295,-353,-497827312,392344240,403464000,2.93E+12,      3,      f,none
-183,-229,-253,-497827312,392344240,403464000,2.93E+12,      3,      f,none
-248,-265,-466,-497827312,392344240,403464000,2.93E+12,      3,      f,none
-228,-236,-217,-497827312,392344240,403464000,2.93E+12,      3,      f,none
-224,-284,-155,-497827312,392344240,403464000,2.93E+12,      3,      f,none
-247,-121,-317,-497827312,392344240,403464000,2.93E+12,      3,      f,none
-187,-240,-448,-497827312,392344240,403464000,2.93E+12,      3,      f,none
-249,-274,-437,-497827312,392344240,403464000,2.93E+12,      3,      f,none
-229,-251,-453,-497827312,392344240,403464000,2.93E+12,      3,      f,none
-284,-253,-458,-497827312,392344240,403464000,2.93E+12,      3,      f,none
-227,-219,-131,-497827312,392344240,403464000,2.93E+12,      3,      f,none
-133,-236,-167,-497827312,392344240,403464000,2.93E+12,      3,      f,none
-193,-223,-257,-497827312,392344240,403464000,2.93E+12,      3,      f,none
-188,-253,-305,-497827312,392344240,403464000,2.93E+12,      3,      f,none
-268,-122,-476,-497827312,392344240,403464000,2.93E+12,      3,      f,none
-229,-247,-171,-497827312,392344240,403464000,2.93E+12,      3,      f,none
-279,-258,-273,-497827312,392344240,403464000,2.93E+12,      3,      f,none
-201,-244,-186,-497827312,392344240,403464000,2.93E+12,      3,      f,none
-265,-147,-432,-497827312,392344240,403464000,2.93E+12,      3,      f,none
-146,-174,-401,-497827312,392344240,403464000,2.93E+12,      3,      f,none
-272,-300,-417,-497827312,392344240,403464000,2.93E+12,      3,      f,none
-289,-193,-252,-497827312,392344240,403464000,2.93E+12,      3,      f,none
-273,-298,-229,-497827312,392344240,403464000,2.93E+12,      3,      f,none
-182,-253,-144,-497827312,392344240,403464000,2.93E+12,      3,      f,none
-197,-175,-206,-497827312,392344240,403464000,2.93E+12,      3,      f,none
-271,-272,-203,-497827312,392344240,403464000,2.93E+12,      3,      f,none
-143,-121,-348,-497827312,392344240,403464000,2.93E+12,      3,      f,none
-228,-281,-256,-497827312,392344240,403464000,2.93E+12,      3,      f,none
-148,-288,-429,-497827312,392344240,403464000,2.93E+12,      3,      f,none
-212,-148,-319,-497827312,392344240,403464000,2.93E+12,      3,      f,none
-137,-205,-239,-497827312,392344240,403464000,2.93E+12,      3,      f,none
-150,-298,-218,-497827312,392344240,403464000,2.93E+12,      3,      f,none
-256,-235,-285,-497827312,392344240,403464000,2.93E+12,      3,      f,none
-140,-239,-309,-497827312,392344240,403464000,2.93E+12,      3,      f,none
-136,-225,-180,-497827312,392344240,403464000,2.93E+12,      3,      f,none
-201,-142,-208,-497827312,392344240,403464000,2.93E+12,      3,      f,none
-220,-127,-399,-497827312,392344240,403464000,2.93E+12,      3,      f,none
-196,-191,-306,-497827312,392344240,403464000,2.93E+12,      3,      f,none
-265,-269,-182,-497827312,392344240,403464000,2.93E+12,      3,      f,none
-129,-290,-402,-497827312,392344240,403464000,2.93E+12,      3,      f,none
-281,-228,-393,-497827312,392344240,403464000,2.93E+12,      3,      f,none
-187,-176,-179,-497827312,392344240,403464000,2.93E+12,      3,      f,none
-234,-157,-485,-497827312,392344240,403464000,2.93E+12,      3,      f,none
-256,-166,-379,-497827312,392344240,403464000,2.93E+12,      3,      f,none
-218,-300,-157,-497827312,392344240,403464000,2.93E+12,      3,      f,none
-198,-220,-492,-497827312,392344240,403464000,2.93E+12,      3,      f,none
-284,-207,-236,-497827312,392344240,403464000,2.93E+12,      3,      f,none
-207,-274,-346,-497827312,392344240,403464000,2.93E+12,      3,      f,none
-155,-199,-356,-497827312,392344240,403464000,2.93E+12,      3,      f,none
-214,-184,-262,-497827312,392344240,403464000,2.93E+12,      3,      f,none
-150,-234,-428,-497827312,392344240,403464000,2.93E+12,      3,      f,none
-297,-225,-364,-497827312,392344240,403464000,2.93E+12,      3,      f,none
-176,-199,-262,-497827312,392344240,403464000,2.93E+12,      3,      f,none
-137,-126,-383,-497827312,392344240,403464000,2.93E+12,      3,      f,none
-214,-212,-435,-497827312,392344240,403464000,2.93E+12,      3,      f,none
-170,-164,-464,-497827312,392344240,403464000,2.93E+12,      3,      f,none
-289,-210,-221,-497827312,392344240,403464000,2.93E+12,      3,      f,none
-177,-134,-447,-497827312,392344240,403464000,2.93E+12,      3,      f,none
-190,-200,-265,-497827312,392344240,403464000,2.93E+12,      3,      f,none
-270,-198,-409,-497827312,392344240,403464000,2.93E+12,      3,      f,none
-243,-284,-485,-497827312,392344240,403464000,2.93E+12,      3,      f,none
-297,-259,-467,-497827312,392344240,403464000,2.93E+12,      3,      f,none
-207,-293,-313,-497827312,392344240,403464000,2.93E+12,      3,      f,none
-205,-291,-226,-497827312,392344240,403464000,2.93E+12,      3,      f,none
-237,-268,-264,-497827312,392344240,403464000,2.93E+12,      3,      f,none
-190,-222,-232,-497827312,392344240,403464000,2.93E+12,      3,      f,none
-138,-204,-313,-497827312,392344240,403464000,2.93E+12,      3,      f,none
-202,-260,-375,-497827312,392344240,403464000,2.93E+12,      3,      f,none
-284,-281,-469,-497827312,392344240,403464000,2.93E+12,      3,      f,none
-149,-142,-182,-497827312,392344240,403464000,2.93E+12,      3,      f,none
-131,-272,-217,-497827312,392344240,403464000,2.93E+12,      3,      f,none
-162,-274,-227,-497827312,392344240,403464000,2.93E+12,      3,      f,none
-157,-271,-338,-497827312,392344240,403464000,2.93E+12,      3,      f,none
-180,-141,-400,-497827312,392344240,403464000,2.93E+12,      3,      f,none
-162,-183,-357,-497827312,392344240,403464000,2.93E+12,      3,      f,none
-295,-232,-189,-497827312,392344240,403464000,2.93E+12,      3,      f,none
-173,-298,-348,-497827312,392344240,403464000,2.93E+12,      3,      f,none
-231,-270,-461,-497827312,392344240,403464000,2.93E+12,      3,      f,none
-270,-243,-326,-497827312,392344240,403464000,2.93E+12,      3,      f,none
-283,-233,-160,-497827312,392344240,403464000,2.93E+12,      3,      f,none
-225,-175,-349,-497827312,392344240,403464000,2.93E+12,      3,      f,none
-286,-250,-339,-497827312,392344240,403464000,2.93E+12,      3,      f,none
-261,-134,-275,-497827312,392344240,403464000,2.93E+12,      3,      f,none
-220,-299,-341,-497827312,392344240,403464000,2.93E+12,      3,      f,none
-278,-197,-374,-497827312,392344240,403464000,2.93E+12,      3,      f,none
-272,-291,-145,-497827312,392344240,403464000,2.93E+12,      3,      f,none
-247,-219,-353,-497827312,392344240,403464000,2.93E+12,      3,      f,none
-188,-123,-271,-497827312,392344240,403464000,2.93E+12,      3,      f,none
-133,-270,-431,-497827312,392344240,403464000,2.93E+12,      3,      f,none
-157,-180,-304,-497827312,392344240,403464000,2.93E+12,      3,      f,none
-146,-264,-188,-497827312,392344240,403464000,2.93E+12,      3,      f,none
-248,-173,-294,-497827312,392344240,403464000,2.93E+12,      3,      f,none
-283,-267,-186,-497827312,392344240,403464000,2.93E+12,      3,      f,none
-131,-158,-465,-497827312,392344240,403464000,2.93E+12,      3,      f,none
-171,-145,-420,-497827312,392344240,403464000,2.93E+12,      3,      f,none
-165,-173,-489,-497827312,392344240,403464000,2.93E+12,      3,      f,none
-248,-201,-265,-497827312,392344240,403464000,2.93E+12,      3,      f,none
-204,-279,-361,-497827312,392344240,403464000,2.93E+12,      3,      f,none
-192,-164,-274,-497827312,392344240,403464000,2.93E+12,      3,      f,none
-148,-286,-206,-497827312,392344240,403464000,2.93E+12,      3,      f,none
-270,-187,-441,-497827312,392344240,403464000,2.93E+12,      3,      f,none
-239,-122,-160,-497827312,392344240,403464000,2.93E+12,      3,      f,none
-256,-220,-245,-497827312,392344240,403464000,2.93E+12,      3,      f,none
-165,-292,-404,-497827312,392344240,403464000,2.93E+12,      3,      f,none
-281,-185,-128,-497827312,392344240,403464000,2.93E+12,      3,      f,none
-208,-130,-412,-497827312,392344240,403464000,2.93E+12,      3,      f,none
-152,-291,-224,-497827312,392344240,403464000,2.93E+12,      3,      f,none
-264,-163,-192,-497827312,392344240,403464000,2.93E+12,      3,      f,none
-276,-229,-366,-497827312,392344240,403464000,2.93E+12,      3,      f,none
-186,-125,-227,-497827312,392344240,403464000,2.93E+12,      3,      f,none
-234,-267,-181,-497827312,392344240,403464000,2.93E+12,      3,      f,none
-259,-249,-499,-497827312,392344240,403464000,2.93E+12,      3,      f,none
-188,-121,-500,-497827312,392344240,403464000,2.93E+12,      3,      f,none
-205,-267,-162,-497827312,392344240,403464000,2.93E+12,      3,      f,none
-152,-222,-392,-497827312,392344240,403464000,2.93E+12,      3,      f,none
-173,-156,-190,-497827312,392344240,403464000,2.93E+12,      3,      f,none
-164,-280,-326,-497827312,392344240,403464000,2.93E+12,      3,      f,none
-154,-276,-203,-497827312,392344240,403464000,2.93E+12,      3,      f,none
-129,-274,-434,-497827312,392344240,403464000,2.93E+12,      3,      f,none
-197,-165,-240,-497827312,392344240,403464000,2.93E+12,      3,      f,none
-198,-138,-355,-497827312,392344240,403464000,2.93E+12,      3,      f,none
-172,-126,-175,-497827312,392344240,403464000,2.93E+12,      3,      f,none
-213,-258,-500,-497827312,392344240,403464000,2.93E+12,      3,      f,none
-160,-154,-438,-497827312,392344240,403464000,2.93E+12,      3,      f,none
-228,-293,-258,-497827312,392344240,403464000,2.93E+12,      3,      f,none
-148,-194,-129,-497827312,392344240,403464000,2.93E+12,      3,      f,none
-272,-153,-415,-497827312,392344240,403464000,2.93E+12,      3,      f,none
-291,-142,-372,-497827312,392344240,403464000,2.93E+12,      3,      f,none
-176,-272,-489,-497827312,392344240,403464000,2.93E+12,      3,      f,none
-209,-274,-441,-497827312,392344240,403464000,2.93E+12,      3,      f,none
-281,-187,-217,-497827312,392344240,403464000,2.93E+12,      3,      f,none
-155,-192,-391,-497827312,392344240,403464000,2.93E+12,      3,      f,none
-289,-131,-484,-497827312,392344240,403464000,2.93E+12,      3,      f,none
-145,-168,-347,-497827312,392344240,403464000,2.93E+12,      3,      f,none
-174,-159,-481,-497827312,392344240,403464000,2.93E+12,      3,      f,none
-161,-147,-180,-497827312,392344240,403464000,2.93E+12,      3,      f,none
-141,-222,-482,-497827312,392344240,403464000,2.93E+12,      3,      f,none
-294,-265,-218,-497827312,392344240,403464000,2.93E+12,      3,      f,none
-211,-293,-177,-497827312,392344240,403464000,2.93E+12,      3,      f,none
-157,-196,-380,-497827312,392344240,403464000,2.93E+12,      3,      f,none
-183,-183,-364,-497827312,392344240,403464000,2.93E+12,      3,      f,none
-216,-220,-269,-497827312,392344240,403464000,2.93E+12,      3,      f,none
-215,-233,-280,-497827312,392344240,403464000,2.93E+12,      3,      f,none
-122,-121,-127,-497827312,392344240,403464000,2.93E+12,      3,      f,none
-298,-284,-331,-497827312,392344240,403464000,2.93E+12,      3,      f,none
-240,-128,-196,-497827312,392344240,403464000,2.93E+12,      3,      f,none
-159,-127,-449,-497827312,392344240,403464000,2.93E+12,      3,      f,none
-178,-216,-372,-497827312,392344240,403464000,2.93E+12,      3,      f,none
-187,-169,-169,-497827312,392344240,403464000,2.93E+12,      3,      f,none
-280,-248,-465,-497827312,392344240,403464000,2.93E+12,      3,      f,none
-245,-292,-485,-497827312,392344240,403464000,2.93E+12,      3,      f,none
-266,-124,-248,-497827312,392344240,403464000,2.93E+12,      3,      f,none
-143,-296,-417,-497827312,392344240,403464000,2.93E+12,      3,      f,none
-137,-220,-166,-497827312,392344240,403464000,2.93E+12,      3,      f,none
-192,-129,-268,-497827312,392344240,403464000,2.93E+12,      3,      f,none
-207,-223,-407,-497827312,392344240,403464000,2.93E+12,      3,      f,none
-294,-268,-465,-497827312,392344240,403464000,2.93E+12,      3,      f,none
-151,-292,-314,-497827312,392344240,403464000,2.93E+12,      3,      f,none
-257,-124,-457,-497827312,392344240,403464000,2.93E+12,      3,      f,none
-263,-152,-220,-497827312,392344240,403464000,2.93E+12,      3,      f,none
-157,-136,-261,-497827312,392344240,403464000,2.93E+12,      3,      f,none
-146,-160,-446,-497827312,392344240,403464000,2.93E+12,      3,      f,none
-139,-227,-321,-497827312,392344240,403464000,2.93E+12,      3,      f,none
-239,-230,-268,-497827312,392344240,403464000,2.93E+12,      3,      f,none
-273,-244,-234,-497827312,392344240,403464000,2.93E+12,      3,      f,none
-190,-136,-413,-497827312,392344240,403464000,2.93E+12,      3,      f,none
-273,-195,-323,-497827312,392344240,403464000,2.93E+12,      3,      f,none
-254,-283,-310,-497827312,392344240,403464000,2.93E+12,      3,      f,none
-170,-123,-123,-497827312,392344240,403464000,2.93E+12,      3,      f,none
-241,-196,-301,-497827312,392344240,403464000,2.93E+12,      3,      f,none
-253,-281,-289,-497827312,392344240,403464000,2.93E+12,      3,      f,none
-166,-256,-455,-497827312,392344240,403464000,2.93E+12,      3,      f,none
-182,-190,-357,-497827312,392344240,403464000,2.93E+12,      3,      f,none
-267,-171,-452,-497827312,392344240,403464000,2.93E+12,      3,      f,none
-186,-184,-321,-497827312,392344240,403464000,2.93E+12,      3,      f,none
-211,-199,-324,-497827312,392344240,403464000,2.93E+12,      3,      f,none
-271,-191,-485,-497827312,392344240,403464000,2.93E+12,      3,      f,none
-146,-198,-301,-497827312,392344240,403464000,2.93E+12,      3,      f,none
-255,-290,-393,-497827312,392344240,403464000,2.93E+12,      3,      f,none
-160,-167,-475,-497827312,392344240,403464000,2.93E+12,      3,      f,none
-192,-215,-387,-497827312,392344240,403464000,2.93E+12,      3,      f,none
-244,-159,-448,-497827312,392344240,403464000,2.93E+12,      3,      f,none
-252,-166,-433,-497827312,392344240,403464000,2.93E+12,      3,      f,none
-229,-196,-250,-497827312,392344240,403464000,2.93E+12,      3,      f,none
-255,-182,-271,-497827312,392344240,403464000,2.93E+12,      3,      f,none
-201,-289,-275,-497827312,392344240,403464000,2.93E+12,      3,      f,none
-178,-163,-398,-497827312,392344240,403464000,2.93E+12,      3,      f,none
-168,-279,-142,-497827312,392344240,403464000,2.93E+12,      3,      f,none
-124,-167,-209,-497827312,392344240,403464000,2.93E+12,      3,      f,none
-238,-239,-434,-497827312,392344240,403464000,2.93E+12,      3,      f,none
-261,-155,-456,-497827312,392344240,403464000,2.93E+12,      3,      f,none
-123,-287,-172,-497827312,392344240,403464000,2.93E+12,      3,      f,none
-142,-250,-193,-497827312,392344240,403464000,2.93E+12,      3,      f,none
-266,-167,-307,-497827312,392344240,403464000,2.93E+12,      3,      f,none
-280,-271,-234,-497827312,392344240,403464000,2.93E+12,      3,      f,none
-132,-134,-229,-497827312,392344240,403464000,2.93E+12,      3,      f,none
-256,-258,-251,-497827312,392344240,403464000,2.93E+12,      3,      f,none
-189,-223,-292,-497827312,392344240,403464000,2.93E+12,      3,      f,none
-266,-258,-247,-497827312,392344240,403464000,2.93E+12,      3,      f,none
-281,-249,-459,-497827312,392344240,403464000,2.93E+12,      3,      f,none
-194,-289,-471,-497827312,392344240,403464000,2.93E+12,      3,      f,none
-157,-283,-303,-497827312,392344240,403464000,2.93E+12,      3,      f,none
-258,-199,-455,-497827312,392344240,403464000,2.93E+12,      3,      f,none
-199,-270,-469,-497827312,392344240,403464000,2.93E+12,      3,      f,none
-295,-204,-375,-497827312,392344240,403464000,2.93E+12,      3,      f,none
-159,-151,-201,-497827312,392344240,403464000,2.93E+12,      3,      f,none
-152,-273,-379,-497827312,392344240,403464000,2.93E+12,      3,      f,none
-255,-190,-362,-497827312,392344240,403464000,2.93E+12,      3,      f,none
-153,-190,-161,-497827312,392344240,403464000,2.93E+12,      3,      f,none
-208,-211,-353,-497827312,392344240,403464000,2.93E+12,      3,      f,none
-271,-185,-288,-497827312,392344240,403464000,2.93E+12,      3,      f,none
-245,-291,-421,-497827312,392344240,403464000,2.93E+12,      3,      f,none
-164,-234,-369,-497827312,392344240,403464000,2.93E+12,      3,      f,none
-246,-224,-169,-497827312,392344240,403464000,2.93E+12,      3,      f,none
-207,-242,-183,-497827312,392344240,403464000,2.93E+12,      3,      f,none
-249,-171,-447,-497827312,392344240,403464000,2.93E+12,      3,      f,none
-238,-209,-240,-497827312,392344240,403464000,2.93E+12,      3,      f,none
-150,-225,-356,-497827312,392344240,403464000,2.93E+12,      3,      f,none
-261,-271,-453,-497827312,392344240,403464000,2.93E+12,      3,      f,none
-194,-223,-165,-497827312,392344240,403464000,2.93E+12,      3,      f,none
-195,-211,-355,-497827312,392344240,403464000,2.93E+12,      3,      f,none
-253,-137,-325,-497827312,392344240,403464000,2.93E+12,      3,      f,none
-280,-223,-342,-497827312,392344240,403464000,2.93E+12,      3,      f,none
-224,-287,-396,-497827312,392344240,403464000,2.93E+12,      3,      f,none
-159,-136,-349,-497827312,392344240,403464000,2.93E+12,      3,      f,none
-159,-224,-469,-497827312,392344240,403464000,2.93E+12,      3,      f,none
-260,-213,-129,-497827312,392344240,403464000,2.93E+12,      3,      f,none
-131,-291,-274,-497827312,392344240,403464000,2.93E+12,      3,      f,none
-186,-267,-313,-497827312,392344240,403464000,2.93E+12,      3,      f,none
-164,-273,-121,-497827312,392344240,403464000,2.93E+12,      3,      f,none
-218,-276,-340,-497827312,392344240,403464000,2.93E+12,      3,      f,none
-239,-211,-121,-497827312,392344240,403464000,2.93E+12,      3,      f,none
-294,-265,-147,-497827312,392344240,403464000,2.93E+12,      3,      f,none
-300,-141,-161,-497827312,392344240,403464000,2.93E+12,      3,      f,none
-185,-299,-414,-497827312,392344240,403464000,2.93E+12,      3,      f,none
-190,-291,-340,-497827312,392344240,403464000,2.93E+12,      3,      f,none
-234,-224,-349,-497827312,392344240,403464000,2.93E+12,      3,      f,none
-132,-240,-181,-497827312,392344240,403464000,2.93E+12,      3,      f,none
-152,-186,-468,-497827312,392344240,403464000,2.93E+12,      3,      f,none
-180,-261,-407,-497827312,392344240,403464000,2.93E+12,      3,      f,none
-283,-256,-158,-497827312,392344240,403464000,2.93E+12,      3,      f,none
-226,-230,-297,-497827312,392344240,403464000,2.93E+12,      3,      f,none
-218,-203,-328,-497827312,392344240,403464000,2.93E+12,      3,      f,none
-154,-290,-245,-497827312,392344240,403464000,2.93E+12,      3,      f,none
-256,-135,-239,-497827312,392344240,403464000,2.93E+12,      3,      f,none
-236,-175,-426,-497827312,392344240,403464000,2.93E+12,      3,      f,none
-122,-270,-418,-497827312,392344240,403464000,2.93E+12,      3,      f,none
-165,-199,-449,-497827312,392344240,403464000,2.93E+12,      3,      f,none
-206,-188,-280,-497827312,392344240,403464000,2.93E+12,      3,      f,none
-248,-155,-359,-497827312,392344240,403464000,2.93E+12,      3,      f,none
-279,-153,-390,-497827312,392344240,403464000,2.93E+12,      3,      f,none
-172,-152,-427,-497827312,392344240,403464000,2.93E+12,      3,      f,none
-152,-186,-162,-497827312,392344240,403464000,2.93E+12,      3,      f,none
-217,-273,-203,-497827312,392344240,403464000,2.93E+12,      3,      f,none
-293,-137,-425,-497827312,392344240,403464000,2.93E+12,      3,      f,none
-253,-127,-487,-497827312,392344240,403464000,2.93E+12,      3,      f,none
-182,-183,-326,-497827312,392344240,403464000,2.93E+12,      3,      f,none
-271,-286,-169,-497827312,392344240,403464000,2.93E+12,      3,      f,none
-256,-166,-139,-497827312,392344240,403464000,2.93E+12,      3,      f,none
-281,-192,-367,-497827312,392344240,403464000,2.93E+12,      3,      f,none
-282,-296,-292,-497827312,392344240,403464000,2.93E+12,      3,      f,none
-196,-258,-451,-497827312,392344240,403464000,2.93E+12,      3,      f,none
-216,-125,-263,-497827312,392344240,403464000,2.93E+12,      3,      f,none
-229,-187,-410,-497827312,392344240,403464000,2.93E+12,      3,      f,none
-149,-268,-384,-497827312,392344240,403464000,2.93E+12,      3,      f,none
-183,-149,-454,-497827312,392344240,403464000,2.93E+12,      3,      f,none
-145,-272,-379,-497827312,392344240,403464000,2.93E+12,      3,      f,none
-147,-142,-365,-497827312,392344240,403464000,2.93E+12,      3,      f,none
-190,-271,-417,-497827312,392344240,403464000,2.93E+12,      3,      f,none
-292,-282,-421,-497827312,392344240,403464000,2.93E+12,      3,      f,none
-178,-155,-475,-497827312,392344240,403464000,2.93E+12,      3,      f,none
-147,-250,-440,-497827312,392344240,403464000,2.93E+12,      3,      f,none
-124,-122,-242,-497827312,392344240,403464000,2.93E+12,      3,      f,none
-238,-176,-354,-497827312,392344240,403464000,2.93E+12,      3,      f,none
-265,-224,-375,-497827312,392344240,403464000,2.93E+12,      3,      f,none
-235,-154,-415,-497827312,392344240,403464000,2.93E+12,      3,      f,none
-233,-191,-329,-497827312,392344240,403464000,2.93E+12,      3,      f,none
-202,-131,-128,-497827312,392344240,403464000,2.93E+12,      3,      f,none
-298,-249,-309,-497827312,392344240,403464000,2.93E+12,      3,      f,none
-291,-174,-474,-497827312,392344240,403464000,2.93E+12,      3,      f,none
-255,-176,-423,-497827312,392344240,403464000,2.93E+12,      3,      f,none
-202,-167,-239,-497827312,392344240,403464000,2.93E+12,      3,      f,none
-144,-149,-382,-497827312,392344240,403464000,2.93E+12,      3,      f,none
-225,-127,-421,-497827312,392344240,403464000,2.93E+12,      3,      f,none
-195,-139,-419,-497827312,392344240,403464000,2.93E+12,      3,      f,none
-293,-160,-172,-497827312,392344240,403464000,2.93E+12,      3,      f,none
-291,-254,-240,-497827312,392344240,403464000,2.93E+12,      3,      f,none
-297,-205,-365,-497827312,392344240,403464000,2.93E+12,      3,      f,none
-218,-235,-469,-497827312,392344240,403464000,2.93E+12,      3,      f,none
-162,-213,-293,-497827312,392344240,403464000,2.93E+12,      3,      f,none
-130,-247,-146,-497827312,392344240,403464000,2.93E+12,      3,      f,none
-150,-149,-196,-497827312,392344240,403464000,2.93E+12,      3,      f,none
-158,-170,-317,-497827312,392344240,403464000,2.93E+12,      3,      f,none
-212,-240,-377,-497827312,392344240,403464000,2.93E+12,      3,      f,none
-158,-180,-454,-497827312,392344240,403464000,2.93E+12,      3,      f,none
-277,-219,-220,-497827312,392344240,403464000,2.93E+12,      3,      f,none
-278,-263,-448,-497827312,392344240,403464000,2.93E+12,      3,      f,none
-145,-181,-184,-497827312,392344240,403464000,2.93E+12,      3,      f,none
-248,-245,-130,-497827312,392344240,403464000,2.93E+12,      3,      f,none
-239,-191,-177,-497827312,392344240,403464000,2.93E+12,      3,      f,none
-254,-244,-383,-497827312,392344240,403464000,2.93E+12,      3,      f,none
-288,-136,-398,-497827312,392344240,403464000,2.93E+12,      3,      f,none
-244,-221,-376,-497827312,392344240,403464000,2.93E+12,      3,      f,none
-199,-142,-138,-497827312,392344240,403464000,2.93E+12,      3,      f,none
-263,-238,-455,-497827312,392344240,403464000,2.93E+12,      3,      f,none
-289,-268,-126,-497827312,392344240,403464000,2.93E+12,      3,      f,none
-140,-295,-212,-497827312,392344240,403464000,2.93E+12,      3,      f,none
-151,-157,-384,-497827312,392344240,403464000,2.93E+12,      3,      f,none
-274,-195,-481,-497827312,392344240,403464000,2.93E+12,      3,      f,none
-278,-198,-246,-497827312,392344240,403464000,2.93E+12,      3,      f,none
-248,-196,-228,-497827312,392344240,403464000,2.93E+12,      3,      f,none
-216,-130,-168,-497827312,392344240,403464000,2.93E+12,      3,      f,none
-229,-158,-265,-497827312,392344240,403464000,2.93E+12,      3,      f,none
-293,-175,-162,-497827312,392344240,403464000,2.93E+12,      3,      f,none
-134,-284,-320,-497827312,392344240,403464000,2.93E+12,      3,      f,none
-292,-178,-313,-497827312,392344240,403464000,2.93E+12,      3,      f,none
-230,-278,-130,-497827312,392344240,403464000,2.93E+12,      3,      f,none
-178,-179,-341,-497827312,392344240,403464000,2.93E+12,      3,      f,none
-259,-128,-435,-497827312,392344240,403464000,2.93E+12,      3,      f,none
-282,-260,-399,-497827312,392344240,403464000,2.93E+12,      3,      f,none
-149,-219,-459,-497827312,392344240,403464000,2.93E+12,      3,      f,none
-271,-229,-262,-497827312,392344240,403464000,2.93E+12,      3,      f,none
-282,-297,-139,-497827312,392344240,403464000,2.93E+12,      3,      f,none
-231,-169,-417,-497827312,392344240,403464000,2.93E+12,      3,      f,none
-140,-249,-155,-497827312,392344240,403464000,2.93E+12,      3,      f,none
-121,-164,-251,-497827312,392344240,403464000,2.93E+12,      3,      f,none
-278,-130,-339,-497827312,392344240,403464000,2.93E+12,      3,      f,none
-191,-283,-445,-497827312,392344240,403464000,2.93E+12,      3,      f,none
-180,-247,-313,-497827312,392344240,403464000,2.93E+12,      3,      f,none
-262,-205,-261,-497827312,392344240,403464000,2.93E+12,      3,      f,none
-176,-214,-475,-497827312,392344240,403464000,2.93E+12,      3,      f,none
-179,-139,-262,-497827312,392344240,403464000,2.93E+12,      3,      f,none
-239,-280,-295,-497827312,392344240,403464000,2.93E+12,      3,      f,none
-140,-277,-206,-497827312,392344240,403464000,2.93E+12,      3,      f,none
-222,-255,-229,-497827312,392344240,403464000,2.93E+12,      3,      f,none
-162,-252,-451,-497827312,392344240,403464000,2.93E+12,      3,      f,none
-186,-153,-283,-497827312,392344240,403464000,2.93E+12,      3,      f,none
-154,-216,-353,-497827312,392344240,403464000,2.93E+12,      3,      f,none
-214,-163,-442,-497827312,392344240,403464000,2.93E+12,      3,      f,none
-220,-169,-412,-497827312,392344240,403464000,2.93E+12,      3,      f,none
-170,-201,-347,-497827312,392344240,403464000,2.93E+12,      3,      f,none
-300,-188,-313,-497827312,392344240,403464000,2.93E+12,      3,      f,none
-298,-152,-321,-497827312,392344240,403464000,2.93E+12,      3,      f,none
-139,-284,-413,-497827312,392344240,403464000,2.93E+12,      3,      f,none
-230,-210,-411,-497827312,392344240,403464000,2.93E+12,      3,      f,none
-142,-278,-287,-497827312,392344240,403464000,2.93E+12,      3,      f,none
-171,-250,-322,-497827312,392344240,403464000,2.93E+12,      3,      f,none
-171,-266,-152,-497827312,392344240,403464000,2.93E+12,      3,      f,none
-131,-201,-269,-497827312,392344240,403464000,2.93E+12,      3,      f,none
-202,-245,-461,-497827312,392344240,403464000,2.93E+12,      3,      f,none
-291,-296,-213,-497827312,392344240,403464000,2.93E+12,      3,      f,none
-280,-137,-399,-497827312,392344240,403464000,2.93E+12,      3,      f,none
-150,-289,-173,-497827312,392344240,403464000,2.93E+12,      3,      f,none
-184,-287,-241,-497827312,392344240,403464000,2.93E+12,      3,      f,none
-282,-242,-453,-497827312,392344240,403464000,2.93E+12,      3,      f,none
-285,-163,-299,-497827312,392344240,403464000,2.93E+12,      3,      f,none
-196,-160,-395,-497827312,392344240,403464000,2.93E+12,      3,      f,none
-123,-234,-129,-497827312,392344240,403464000,2.93E+12,      3,      f,none
-211,-150,-296,-497827312,392344240,403464000,2.93E+12,      3,      f,none
-237,-267,-367,-497827312,392344240,403464000,2.93E+12,      3,      f,none
-144,-231,-321,-497827312,392344240,403464000,2.93E+12,      3,      f,none
-273,-199,-353,-497827312,392344240,403464000,2.93E+12,      3,      f,none
-225,-266,-500,-497827312,392344240,403464000,2.93E+12,      3,      f,none
-217,-227,-207,-497827312,392344240,403464000,2.93E+12,      3,      f,none
-296,-133,-489,-497827312,392344240,403464000,2.93E+12,      3,      f,none
-242,-136,-156,-497827312,392344240,403464000,2.93E+12,      3,      f,none
-121,-280,-134,-497827312,392344240,403464000,2.93E+12,      3,      f,none
-148,-209,-382,-497827312,392344240,403464000,2.93E+12,      3,      f,none
-263,-130,-241,-497827312,392344240,403464000,2.93E+12,      3,      f,none
-280,-229,-236,-497827312,392344240,403464000,2.93E+12,      3,      f,none
-144,-266,-251,-497827312,392344240,403464000,2.93E+12,      3,      f,none
-214,-252,-420,-497827312,392344240,403464000,2.93E+12,      3,      f,none
-296,-291,-228,-497827312,392344240,403464000,2.93E+12,      3,      f,none
-180,-166,-215,-497827312,392344240,403464000,2.93E+12,      3,      f,none
-271,-208,-272,-497827312,392344240,403464000,2.93E+12,      3,      f,none
-247,-231,-281,-497827312,392344240,403464000,2.93E+12,      3,      f,none
-252,-195,-121,-497827312,392344240,403464000,2.93E+12,      3,      f,none
-261,-173,-210,-497827312,392344240,403464000,2.93E+12,      3,      f,none
-158,-214,-247,-497827312,392344240,403464000,2.93E+12,      3,      f,none
-183,-287,-450,-497827312,392344240,403464000,2.93E+12,      3,      f,none
-206,-155,-457,-497827312,392344240,403464000,2.93E+12,      3,      f,none
-153,-193,-453,-497827312,392344240,403464000,2.93E+12,      3,      f,none
-169,-264,-270,-497827312,392344240,403464000,2.93E+12,      3,      f,none
-262,-142,-367,-497827312,392344240,403464000,2.93E+12,      3,      f,none
-131,-253,-379,-497827312,392344240,403464000,2.93E+12,      3,      f,none
-173,-124,-241,-497827312,392344240,403464000,2.93E+12,      3,      f,none
-270,-194,-399,-497827312,392344240,403464000,2.93E+12,      3,      f,none
-260,-249,-495,-497827312,392344240,403464000,2.93E+12,      3,      f,none
-165,-234,-472,-497827312,392344240,403464000,2.93E+12,      3,      f,none
-263,-266,-317,-497827312,392344240,403464000,2.93E+12,      3,      f,none
-232,-284,-201,-497827312,392344240,403464000,2.93E+12,      3,      f,none
-187,-130,-343,-497827312,392344240,403464000,2.93E+12,      3,      f,none
-144,-230,-373,-497827312,392344240,403464000,2.93E+12,      3,      f,none
-121,-209,-380,-497827312,392344240,403464000,2.93E+12,      3,      f,none
-174,-240,-255,-497827312,392344240,403464000,2.93E+12,      3,      f,none
-290,-157,-149,-497827312,392344240,403464000,2.93E+12,      3,      f,none
-168,-297,-327,-497827312,392344240,403464000,2.93E+12,      3,      f,none
-131,-290,-173,-497827312,392344240,403464000,2.93E+12,      3,      f,none
-246,-230,-254,-497827312,392344240,403464000,2.93E+12,      3,      f,none
-200,-222,-439,-497827312,392344240,403464000,2.93E+12,      3,      f,none
-178,-258,-455,-497827312,392344240,403464000,2.93E+12,      3,      f,none
-187,-170,-365,-497827312,392344240,403464000,2.93E+12,      3,      f,none
-198,-245,-130,-497827312,392344240,403464000,2.93E+12,      3,      f,none
-121,-166,-277,-497827312,392344240,403464000,2.93E+12,      3,      f,none
-263,-274,-427,-497827312,392344240,403464000,2.93E+12,      3,      f,none
-161,-270,-208,-497827312,392344240,403464000,2.93E+12,      3,      f,none
-177,-209,-254,-497827312,392344240,403464000,2.93E+12,      3,      f,none
-149,-123,-483,-497827312,392344240,403464000,2.93E+12,      3,      f,none
-167,-258,-160,-497827312,392344240,403464000,2.93E+12,      3,      f,none
-196,-124,-491,-497827312,392344240,403464000,2.93E+12,      3,      f,none
-153,-291,-231,-497827312,392344240,403464000,2.93E+12,      3,      f,none
-140,-287,-129,-497827312,392344240,403464000,2.93E+12,      3,      f,none
-236,-195,-138,-497827312,392344240,403464000,2.93E+12,      3,      f,none
-229,-146,-299,-497827312,392344240,403464000,2.93E+12,      3,      f,none
-298,-138,-399,-497827312,392344240,403464000,2.93E+12,      3,      f,none
-252,-143,-468,-497827312,392344240,403464000,2.93E+12,      3,      f,none
-299,-244,-225,-497827312,392344240,403464000,2.93E+12,      3,      f,none
-134,-211,-275,-497827312,392344240,403464000,2.93E+12,      3,      f,none
-299,-298,-346,-497827312,392344240,403464000,2.93E+12,      3,      f,none
-157,-149,-248,-497827312,392344240,403464000,2.93E+12,      3,      f,none
-193,-233,-351,-497827312,392344240,403464000,2.93E+12,      3,      f,none
-197,-233,-373,-497827312,392344240,403464000,2.93E+12,      3,      f,none
-160,-276,-375,-497827312,392344240,403464000,2.93E+12,      3,      f,none
-282,-128,-362,-497827312,392344240,403464000,2.93E+12,      3,      f,none
-126,-233,-224,-497827312,392344240,403464000,2.93E+12,      3,      f,none
-152,-198,-255,-497827312,392344240,403464000,2.93E+12,      3,      f,none
-148,-122,-316,-497827312,392344240,403464000,2.93E+12,      3,      f,none
-229,-271,-445,-497827312,392344240,403464000,2.93E+12,      3,      f,none
-155,-273,-460,-497827312,392344240,403464000,2.93E+12,      3,      f,none
-246,-186,-494,-497827312,392344240,403464000,2.93E+12,      3,      f,none
-264,-171,-349,-497827312,392344240,403464000,2.93E+12,      3,      f,none
-129,-212,-298,-497827312,392344240,403464000,2.93E+12,      3,      f,none
-252,-230,-340,-497827312,392344240,403464000,2.93E+12,      3,      f,none
-189,-272,-138,-497827312,392344240,403464000,2.93E+12,      3,      f,none
-122,-186,-325,-497827312,392344240,403464000,2.93E+12,      3,      f,none
-231,-137,-174,-497827312,392344240,403464000,2.93E+12,      3,      f,none
-290,-163,-357,-497827312,392344240,403464000,2.93E+12,      3,      f,none
-228,-230,-417,-497827312,392344240,403464000,2.93E+12,      3,      f,none
-244,-148,-233,-497827312,392344240,403464000,2.93E+12,      3,      f,none
-276,-226,-295,-497827312,392344240,403464000,2.93E+12,      3,      f,none
-152,-157,-472,-497827312,392344240,403464000,2.93E+12,      3,      f,none
-127,-185,-248,-497827312,392344240,403464000,2.93E+12,      3,      f,none
-134,-234,-417,-497827312,392344240,403464000,2.93E+12,      3,      f,none
-282,-206,-195,-497827312,392344240,403464000,2.93E+12,      3,      f,none
-255,-224,-132,-497827312,392344240,403464000,2.93E+12,      3,      f,none
-241,-251,-374,-497827312,392344240,403464000,2.93E+12,      3,      f,none
-236,-171,-279,-497827312,392344240,403464000,2.93E+12,      3,      f,none
-126,-193,-322,-497827312,392344240,403464000,2.93E+12,      3,      f,none
-209,-238,-406,-497827312,392344240,403464000,2.93E+12,      3,      f,none
-258,-230,-154,-497827312,392344240,403464000,2.93E+12,      3,      f,none
-239,-189,-455,-497827312,392344240,403464000,2.93E+12,      3,      f,none
-232,-195,-433,-497827312,392344240,403464000,2.93E+12,      3,      f,none
-195,-145,-343,-497827312,392344240,403464000,2.93E+12,      3,      f,none
-206,-293,-456,-497827312,392344240,403464000,2.93E+12,      3,      f,none
-210,-128,-235,-497827312,392344240,403464000,2.93E+12,      3,      f,none
-211,-238,-283,-497827312,392344240,403464000,2.93E+12,      3,      f,none
-204,-191,-231,-497827312,392344240,403464000,2.93E+12,      3,      f,none
-260,-231,-235,-497827312,392344240,403464000,2.93E+12,      3,      f,none
-258,-147,-121,-497827312,392344240,403464000,2.93E+12,      3,      f,none
-194,-125,-461,-497827312,392344240,403464000,2.93E+12,      3,      f,none
-166,-246,-222,-497827312,392344240,403464000,2.93E+12,      3,      f,none
-245,-217,-233,-497827312,392344240,403464000,2.93E+12,      3,      f,none
-159,-248,-417,-497827312,392344240,403464000,2.93E+12,      3,      f,none
-246,-141,-499,-497827312,392344240,403464000,2.93E+12,      3,      f,none
-145,-254,-376,-497827312,392344240,403464000,2.93E+12,      3,      f,none
-265,-242,-480,-497827312,392344240,403464000,2.93E+12,      3,      f,none
-141,-193,-332,-497827312,392344240,403464000,2.93E+12,      3,      f,none
-209,-250,-168,-497827312,392344240,403464000,2.93E+12,      3,      f,none
-300,-267,-467,-497827312,392344240,403464000,2.93E+12,      3,      f,none
-181,-130,-202,-497827312,392344240,403464000,2.93E+12,      3,      f,none
-198,-205,-226,-497827312,392344240,403464000,2.93E+12,      3,      f,none
-176,-191,-200,-497827312,392344240,403464000,2.93E+12,      3,      f,none
-199,-202,-175,-497827312,392344240,403464000,2.93E+12,      3,      f,none
-250,-150,-163,-497827312,392344240,403464000,2.93E+12,      3,      f,none
-245,-281,-189,-497827312,392344240,403464000,2.93E+12,      3,      f,none
-292,-284,-355,-497827312,392344240,403464000,2.93E+12,      3,      f,none
-201,-224,-349,-497827312,392344240,403464000,2.93E+12,      3,      f,none
-271,-272,-369,-497827312,392344240,403464000,2.93E+12,      3,      f,none
-186,-217,-478,-497827312,392344240,403464000,2.93E+12,      3,      f,none
-286,-267,-244,-497827312,392344240,403464000,2.93E+12,      3,      f,none
-231,-284,-326,-497827312,392344240,403464000,2.93E+12,      3,      f,none
-247,-166,-461,-497827312,392344240,403464000,2.93E+12,      3,      f,none
-278,-186,-300,-497827312,392344240,403464000,2.93E+12,      3,      f,none
-143,-233,-196,-497827312,392344240,403464000,2.93E+12,      3,      f,none
-149,-192,-209,-497827312,392344240,403464000,2.93E+12,      3,      f,none
-260,-298,-266,-497827312,392344240,403464000,2.93E+12,      3,      f,none
-192,-285,-389,-497827312,392344240,403464000,2.93E+12,      3,      f,none
-300,-200,-202,-497827312,392344240,403464000,2.93E+12,      3,      f,none
-157,-152,-471,-497827312,392344240,403464000,2.93E+12,      3,      f,none
-230,-266,-339,-497827312,392344240,403464000,2.93E+12,      3,      f,none
-169,-293,-493,-497827312,392344240,403464000,2.93E+12,      3,      f,none
-261,-147,-351,-497827312,392344240,403464000,2.93E+12,      3,      f,none
-203,-297,-461,-497827312,392344240,403464000,2.93E+12,      3,      f,none
-231,-210,-243,-497827312,392344240,403464000,2.93E+12,      3,      f,none
-231,-249,-410,-497827312,392344240,403464000,2.93E+12,      3,      f,none
-281,-281,-450,-497827312,392344240,403464000,2.93E+12,      3,      f,none
-264,-246,-254,-497827312,392344240,403464000,2.93E+12,      3,      f,none
-143,-179,-286,-497827312,392344240,403464000,2.93E+12,2.68633,      f,none
-143,-139,-356,-497827312,392344240,403464000,2.93E+12,2.68633,      f,none
-139,-159,-202,-497827312,392344240,403464000,2.93E+12,2.68633,      f,none
-293,-197,-324,-497827312,392344240,403464000,2.93E+12,2.68633,      f,none
-135,-148,-169,-497827312,392344240,403464000,2.93E+12,2.68633,      f,none
-286,-257,-227,-497827312,392344240,403464000,2.93E+12,2.68633,      f,none
-196,-298,-364,-497827312,392344240,403464000,2.93E+12,2.68633,      f,none
-261,-235,-299,-497827312,392344240,403464000,2.93E+12,2.68633,      f,none
-239,-247,-346,-497827312,392344240,403464000,2.93E+12,2.68633,      f,none
-178,-251,-390,-497827312,392344240,403464000,2.93E+12,2.68633,      f,none
-289,-124,-396,-497827312,392344240,403464000,2.93E+12,2.68633,      f,none
-262,-158,-124,-497827312,392344240,403464000,2.93E+12,2.68633,      f,none
-197,-274,-188,-497827312,392344240,403464000,2.93E+12,2.68633,      f,none
-237,-208,-126,-497827312,392344240,403464000,2.93E+12,2.68633,      f,none
-212,-221,-355,-497827312,392344240,403464000,2.93E+12,2.68633,      f,none
-197,-249,-375,-497827312,392344240,403464000,2.93E+12,2.68633,      f,none
-291,-246,-173,-497827312,392344240,403464000,2.93E+12,2.68633,      f,none
-134,-172,-274,-497827312,392344240,403464000,2.93E+12,2.68633,      f,none
-192,-153,-193,-497827312,392344240,403464000,2.93E+12,2.68633,      f,none
-143,-182,-166,-497827312,392344240,403464000,2.93E+12,2.68633,      f,none
-231,-163,-210,-497827312,392344240,403464000,2.93E+12,2.68633,      f,none
-282,-279,-419,-497827312,392344240,403464000,2.93E+12,2.68633,      f,none
-137,-247,-205,-497827312,392344240,403464000,2.93E+12,2.68633,      f,none
-154,-167,-425,-497827312,392344240,403464000,2.93E+12,2.68633,      f,none
-162,-294,-245,-497827312,392344240,403464000,2.93E+12,2.68633,      f,none
-139,-243,-367,-497827312,392344240,403464000,2.93E+12,2.68633,      f,none
-250,-223,-262,-497827312,392344240,403464000,2.93E+12,2.68633,      f,none
-219,-184,-312,-497827312,392344240,403464000,2.93E+12,2.68633,      f,none
-171,-230,-413,-497827312,392344240,403464000,2.93E+12,2.68633,      f,none
-287,-232,-350,-497827312,392344240,403464000,2.93E+12,2.68633,      f,none
-232,-177,-363,-497827312,392344240,403464000,2.93E+12,2.68633,      f,none
-234,-279,-253,-497827312,392344240,403464000,2.93E+12,2.68633,      f,none
-140,-251,-127,-497827312,392344240,403464000,2.93E+12,2.68633,      f,none
-128,-234,-138,-497827312,392344240,403464000,2.93E+12,2.68633,      f,none
-205,-148,-342,-497827312,392344240,403464000,2.93E+12,2.68633,      f,none
-132,-130,-199,-497827312,392344240,403464000,2.93E+12,2.68633,      f,none
-135,-246,-345,-497827312,392344240,403464000,2.93E+12,2.68633,      f,none
-129,-223,-346,-497827312,392344240,403464000,2.93E+12,2.68633,      f,none
-212,-268,-284,-497827312,392344240,403464000,2.93E+12,2.68633,      f,none
-185,-287,-397,-497827312,392344240,403464000,2.93E+12,2.68633,      f,none
-213,-276,-283,-497827312,392344240,403464000,2.93E+12,2.68633,      f,none
-129,-281,-168,-497827312,392344240,403464000,2.93E+12,2.68633,      f,none
-182,-198,-225,-497827312,392344240,403464000,2.93E+12,2.68633,      f,none
-215,-205,-357,-497827312,392344240,403464000,2.93E+12,2.68633,      f,none
-251,-169,-123,-497827312,392344240,403464000,2.93E+12,2.68633,      f,none
-286,-158,-219,-497827312,392344240,403464000,2.93E+12,2.68633,      f,none
-147,-226,-351,-497827312,392344240,403464000,2.93E+12,2.68633,      f,none
-151,-265,-329,-497827312,392344240,403464000,2.93E+12,2.68633,      f,none
-291,-126,-293,-497827312,392344240,403464000,2.93E+12,2.68633,      f,none
-241,-189,-303,-497827312,392344240,403464000,2.93E+12,2.68633,      f,none
-151,-174,-344,-497827312,392344240,403464000,2.93E+12,2.68633,      f,none
-271,-242,-138,-497827312,392344240,403464000,2.93E+12,2.68633,      f,none
-256,-148,-214,-497827312,392344240,403464000,2.93E+12,2.68633,      f,none
-246,-172,-316,-497827312,392344240,403464000,2.93E+12,2.68633,      f,none
-289,-206,-412,-497827312,392344240,403464000,2.93E+12,2.68633,      f,none
-161,-268,-332,-497827312,392344240,403464000,2.93E+12,2.68633,      f,none
-124,-139,-462,-497827312,392344240,403464000,2.93E+12,2.68633,      f,none
-289,-165,-280,-497827312,392344240,403464000,2.93E+12,2.68633,      f,none
-197,-152,-168,-497827312,392344240,403464000,2.93E+12,2.68633,      f,none
-256,-285,-139,-497827312,392344240,403464000,2.93E+12,2.68633,      f,none
-137,-216,-318,-497827312,392344240,403464000,2.93E+12,2.68633,      f,none
-184,-292,-449,-497827312,392344240,403464000,2.93E+12,2.68633,      f,none
-288,-197,-271,-497827312,392344240,403464000,2.93E+12,2.68633,      f,none
-140,-287,-464,-497827312,392344240,403464000,2.93E+12,2.68633,      f,none
-150,-196,-462,-497827312,392344240,403464000,2.93E+12,2.68633,      f,none
-265,-204,-443,-497827312,392344240,403464000,2.93E+12,2.68633,      f,none
-130,-276,-245,-497827312,392344240,403464000,2.93E+12,2.68633,      f,none
-282,-132,-291,-497827312,392344240,403464000,2.93E+12,2.68633,      f,none
-220,-234,-389,-497827312,392344240,403464000,2.93E+12,2.68633,      f,none
-229,-290,-370,-497827312,392344240,403464000,2.93E+12,2.68633,      f,none
-153,-174,-387,-497827312,392344240,403464000,2.93E+12,2.68633,      f,none
-246,-255,-245,-497827312,392344240,403464000,2.93E+12,2.68633,      f,none
-298,-275,-176,-497827312,392344240,403464000,2.93E+12,2.68633,      f,none
-153,-142,-384,-497827312,392344240,403464000,2.93E+12,2.68633,      f,none
-136,-272,-347,-497827312,392344240,403464000,2.93E+12,2.68633,      f,none
-278,-122,-297,-497827312,392344240,403464000,2.93E+12,2.68633,      f,none
-250,-266,-133,-497827312,392344240,403464000,2.93E+12,2.68633,      f,none
-167,-288,-459,-497827312,392344240,403464000,2.93E+12,2.68633,      f,none
-133,-266,-495,-497827312,392344240,403464000,2.93E+12,2.68633,      f,none
-263,-167,-443,-497827312,392344240,403464000,2.93E+12,2.68633,      f,none
-288,-250,-178,-497827312,392344240,403464000,2.93E+12,2.68633,      f,none
-251,-156,-298,-497827312,392344240,403464000,2.93E+12,2.68633,      f,none
-235,-192,-440,-497827312,392344240,403464000,2.93E+12,2.68633,      f,none
-146,-275,-188,-497827312,392344240,403464000,2.93E+12,2.68633,      f,none
-171,-239,-473,-497827312,392344240,403464000,2.93E+12,2.68633,      f,none
-159,-211,-275,-497827312,392344240,403464000,2.93E+12,2.68633,      f,none
-244,-288,-307,-497827312,392344240,403464000,2.93E+12,2.68633,      f,none
-239,-248,-476,-497827312,392344240,403464000,2.93E+12,2.68633,      f,none
-174,-182,-494,-497827312,392344240,403464000,2.93E+12,2.68633,      f,none
-161,-162,-212,-497827312,392344240,403464000,2.93E+12,2.68633,      f,none
-149,-210,-251,-497827312,392344240,403464000,2.93E+12,2.68633,      f,none
-224,-157,-274,-497827312,392344240,403464000,2.93E+12,2.68633,      f,none
-262,-298,-338,-497827312,392344240,403464000,2.93E+12,2.68633,      f,none
-127,-258,-176,-497827312,392344240,403464000,2.93E+12,2.68633,      f,none
-231,-203,-478,-497827312,392344240,403464000,2.93E+12,2.68633,      f,none
-127,-144,-308,-497827312,392344240,403464000,2.93E+12,2.68633,      f,none
-132,-255,-252,-497827312,392344240,403464000,2.93E+12,2.68633,      f,none
-198,-236,-429,-497827312,392344240,403464000,2.93E+12,2.68633,      f,none
-152,-269,-336,-497827312,392344240,403464000,2.93E+12,2.68633,      f,none
-124,-203,-379,-497827312,392344240,403464000,2.93E+12,2.68633,      f,none
-259,-181,-489,-497827312,392344240,403464000,2.93E+12,2.68633,      f,none
-299,-212,-211,-497827312,392344240,403464000,2.93E+12,2.68633,      f,none
-263,-198,-405,-497827312,392344240,403464000,2.93E+12,2.68633,      f,none
-260,-271,-420,-497827312,392344240,403464000,2.93E+12,2.68633,      f,none
-173,-275,-376,-497827312,392344240,403464000,2.93E+12,2.68633,      f,none
-180,-192,-221,-497827312,392344240,403464000,2.93E+12,2.68633,      f,none
-238,-126,-491,-497827312,392344240,403464000,2.93E+12,2.68633,      f,none
-235,-162,-193,-497827312,392344240,403464000,2.93E+12,2.68633,      f,none
-194,-178,-474,-497827312,392344240,403464000,2.93E+12,2.68633,      f,none
-196,-134,-387,-497827312,392344240,403464000,2.93E+12,2.68633,      f,none
-243,-173,-489,-497827312,392344240,403464000,2.93E+12,2.68633,      f,none
-242,-145,-397,-497827312,392344240,403464000,2.93E+12,2.68633,      f,none
-292,-217,-388,-497827312,392344240,403464000,2.93E+12,2.68633,      f,none
-216,-174,-182,-497827312,392344240,403464000,2.93E+12,2.68633,      f,none
-237,-297,-484,-497827312,392344240,403464000,2.93E+12,2.68633,      f,none
-133,-208,-436,-497827312,392344240,403464000,2.93E+12,2.68633,      f,none
-133,-269,-423,-497827312,392344240,403464000,2.93E+12,2.68633,      f,none
-161,-265,-284,-497827312,392344240,403464000,2.93E+12,2.68633,      f,none
-210,-268,-263,-497827312,392344240,403464000,2.93E+12,2.68633,      f,none
-226,-239,-172,-497827312,392344240,403464000,2.93E+12,2.68633,      f,none
-258,-149,-209,-497827312,392344240,403464000,2.93E+12,2.68633,      f,none
-125,-237,-306,-497827312,392344240,403464000,2.93E+12,2.68633,      f,none
-237,-203,-181,-497827312,392344240,403464000,2.93E+12,2.68633,      f,none
-285,-137,-260,-497827312,392344240,403464000,2.93E+12,2.68633,      f,none
-200,-168,-396,-497827312,392344240,403464000,2.93E+12,2.68633,      f,none
-136,-270,-372,-497827312,392344240,403464000,2.93E+12,2.68633,      f,none
-206,-233,-271,-497827312,392344240,403464000,2.93E+12,2.68633,      f,none
-238,-124,-349,-497827312,392344240,403464000,2.93E+12,2.68633,      f,none
-199,-128,-500,-497827312,392344240,403464000,2.93E+12,2.68633,      f,none
-139,-134,-435,-497827312,392344240,403464000,2.93E+12,2.68633,      f,none
-295,-267,-416,-497827312,392344240,403464000,2.93E+12,2.68633,      f,none
-195,-255,-218,-497827312,392344240,403464000,2.93E+12,2.68633,      f,none
-227,-232,-343,-497827312,392344240,403464000,2.93E+12,2.68633,      f,none
-242,-232,-285,-497827312,392344240,403464000,2.93E+12,2.68633,      f,none
-270,-243,-425,-497827312,392344240,403464000,2.93E+12,2.68633,      f,none
-126,-295,-190,-497827312,392344240,403464000,2.93E+12,2.68633,      f,none
-298,-299,-407,-497827312,392344240,403464000,2.93E+12,2.68633,      f,none
-138,-255,-398,-497827312,392344240,403464000,2.93E+12,2.68633,      f,none
-241,-170,-293,-497827312,392344240,403464000,2.93E+12,2.68633,      f,none
-181,-298,-161,-497827312,392344240,403464000,2.93E+12,2.68633,      f,none
-147,-211,-278,-497827312,392344240,403464000,2.93E+12,2.68633,      f,none
-268,-126,-415,-497827312,392344240,403464000,2.93E+12,2.68633,      f,none
-126,-203,-125,-497827312,392344240,403464000,2.93E+12,2.68633,      f,none
-275,-216,-365,-497827312,392344240,403464000,2.93E+12,2.68633,      f,none
-174,-271,-228,-497827312,392344240,403464000,2.93E+12,2.68633,      f,none
-122,-127,-250,-497827312,392344240,403464000,2.93E+12,2.68633,      f,none
-150,-198,-335,-497827312,392344240,403464000,2.93E+12,2.68633,      f,none
-234,-149,-379,-497827312,392344240,403464000,2.93E+12,2.68633,      f,none
-209,-297,-431,-497827312,392344240,403464000,2.93E+12,2.68633,      f,none
-228,-245,-318,-497827312,392344240,403464000,2.93E+12,2.68633,      f,none
-267,-256,-464,-497827312,392344240,403464000,2.93E+12,2.68633,      f,none
-174,-272,-304,-497827312,392344240,403464000,2.93E+12,2.68633,      f,none
-136,-220,-337,-497827312,392344240,403464000,2.93E+12,2.68633,      f,none
-258,-299,-250,-497827312,392344240,403464000,2.93E+12,2.68633,      f,none
-264,-280,-180,-497827312,392344240,403464000,2.93E+12,2.68633,      f,none
-279,-289,-346,-497827312,392344240,403464000,2.93E+12,2.68633,      f,none
-258,-180,-176,-497827312,392344240,403464000,2.93E+12,2.68633,      f,none
-218,-179,-382,-497827312,392344240,403464000,2.93E+12,2.68633,      f,none
-244,-266,-149,-497827312,392344240,403464000,2.93E+12,2.68633,      f,none
-189,-226,-451,-497827312,392344240,403464000,2.93E+12,2.68633,      f,none
-172,-219,-194,-497827312,392344240,403464000,2.93E+12,2.68633,      f,none
-290,-151,-407,-497827312,392344240,403464000,2.93E+12,2.68633,      f,none
-154,-138,-422,-497827312,392344240,403464000,2.93E+12,2.68633,      f,none
-141,-248,-206,-497827312,392344240,403464000,2.93E+12,2.68633,      f,none
-212,-153,-419,-497827312,392344240,403464000,2.93E+12,2.68633,      f,none
-143,-284,-429,-497827312,392344240,403464000,2.93E+12,2.68633,      f,none
-145,-299,-309,-497827312,392344240,403464000,2.93E+12,2.68633,      f,none
-242,-267,-499,-497827312,392344240,403464000,2.93E+12,2.68633,      f,none
-220,-255,-500,-497827312,392344240,403464000,2.93E+12,2.68633,      f,none
-241,-167,-260,-497827312,392344240,403464000,2.93E+12,2.68633,      f,none
-299,-253,-372,-497827312,392344240,403464000,2.93E+12,2.68633,      f,none
-135,-163,-349,-497827312,392344240,403464000,2.93E+12,2.68633,      f,none
-240,-218,-435,-497827312,392344240,403464000,2.93E+12,2.68633,      f,none
-229,-143,-160,-497827312,392344240,403464000,2.93E+12,2.68633,      f,none
